{"cameraMode":{"drawMode":0,"name":"Shaded","section":"Shading Mode"},"sceneLighting":true,"audioPlay":false,"sceneViewState":{"showFog":true,"showMaterialUpdate":false,"showSkybox":true,"showFlares":true,"showImageEffects":true,"showParticleSystems":true},"in2DMode":false,"pivot":{"x":9.523054122924805,"y":0.9769344925880432,"z":6.163035869598389},"rotation":{"x":-0.07714440673589707,"y":0.6963946223258972,"z":-0.07572264969348908,"w":-0.7094699740409851},"size":0.42745208740234377,"orthographic":false}